Extrinsic_Reward,Intrinsic_Reward,Total_Reward,Episode_Length,Policy_Loss,Value_Loss,RND_Loss,Entropy,epoch
0.28409259259259256,1.4969287026480453,1.7810212952406377,74.47272727272727,-0.04048962811939418,0.12969585806131362,0.15566604621708394,1.9411584436893463,0
0.15360869565217392,0.3921479260718138,0.5457566217239878,87.14893617021276,-0.04020297308452427,0.0332420835737139,0.10514646098017692,1.9410354971885682,1
0.1864375,0.2558174495211143,0.4422549495211143,83.59183673469387,-0.039684417517855765,0.014717984572052955,0.08508658409118652,1.939340627193451,2
0.31139999999999995,0.22520042309425928,0.5366004230942593,73.14285714285714,-0.04323582574725151,0.021821089461445807,0.0820563293993473,1.9278061091899872,3
0.31786206896551716,0.22439715034202476,0.542259219307542,69.42372881355932,-0.044792346004396674,0.025674328953027726,0.08119594939053058,1.9054087817668914,4
0.3149473684210526,0.24445348177425072,0.5594008501953034,70.62068965517241,-0.04045560928061605,0.024112302530556916,0.08138696886599064,1.8899790406227113,5
0.4911200000000001,0.19703757923491888,0.688157579234919,53.89473684210526,-0.04407513914629817,0.03458230905234814,0.08118938952684403,1.8874723613262177,6
0.5488705882352942,0.18269510225328883,0.7315656904885831,47.627906976744185,-0.04775643441826105,0.03728315904736519,0.08070965819060802,1.875275182723999,7
0.6316862745098036,0.16034672291723853,0.7920329974270421,39.76699029126213,-0.05151235051453114,0.04470751825720072,0.08093660026788711,1.839385735988617,8
0.7382746478873233,0.11659069170152402,0.8548653395888474,28.643356643356643,-0.05433428268879652,0.03345088567584753,0.0808110024780035,1.7528935313224792,9
0.8133316582914564,0.08267236001995584,0.8960040183114122,20.48,-0.039001025911420587,0.036022444255650043,0.08031467460095883,1.6660228848457337,10
0.8659818181818189,0.059883249726485316,0.9258650679083041,14.840579710144928,-0.03346393178217113,0.012914054282009601,0.08040302097797394,1.546389389038086,11
0.8863888888888908,0.050562590111139664,0.9369514790000304,12.603076923076923,-0.030993992794537916,0.010826717549934983,0.07998127974569798,1.44897118806839,12
0.899647540983608,0.04469992851411025,0.9443474694977182,11.160762942779291,-0.02895419206470251,0.009254831774160265,0.0798777300864458,1.3669976592063904,13
0.9160478359908902,0.03707847385020286,0.953126309841093,9.309090909090909,-0.0267345710657537,0.0043650180334225295,0.07947851642966271,1.3598420917987823,14
0.9009272237196783,0.04371844517554128,0.9446456688952195,11.010752688172044,-0.026592802815139295,0.0056601830292493105,0.07919252291321754,1.3672655045986175,15
0.9100880195599044,0.03957635918427253,0.949664378744177,9.990243902439024,-0.024968192563392222,0.0050031037768349055,0.0790391605347395,1.3257093608379364,16
0.914541860465118,0.03775039827711048,0.9522922587422284,9.503480278422273,-0.022912247921340168,0.004721934767439961,0.0792564533650875,1.3045298516750337,17
0.9065050761421333,0.04077857739675006,0.9472836535388833,10.369620253164557,-0.025022297445684672,0.005865842872299254,0.07844626531004906,1.2892966210842132,18
0.9157254004576688,0.036926193558770505,0.9526515940164394,9.351598173515981,-0.024083717539906502,0.003635255410335958,0.07879281379282474,1.3052551805973054,19
0.9096461916461944,0.039513582150917194,0.9491597737971116,10.03921568627451,-0.025042256817687302,0.005220567830838263,0.07852182984352112,1.295846438407898,20
0.9190593406593436,0.035532017438620944,0.9545913580979645,8.982456140350877,-0.02402238545473665,0.004039955884218216,0.07893727831542492,1.2604768097400665,21
0.9178147321428595,0.03643154803181265,0.9542462801746722,9.122494432071269,-0.025061571854166687,0.0036228131502866745,0.07968771085143089,1.2910087168216706,22
0.914573085846871,0.03770506916148488,0.9522781550083559,9.481481481481481,-0.024769428931176663,0.003988256992306561,0.07934658005833625,1.3097548961639405,23
0.910547445255476,0.039658481126919054,0.950205926382395,9.941747572815533,-0.026003710553050043,0.0044995632488280535,0.07959121130406857,1.288707423210144,24
0.9157048054919928,0.037317650041007566,0.9530224555330005,9.351598173515981,-0.024542276794090868,0.003800073801539838,0.07962184026837349,1.2791366398334503,25
0.9157871853546926,0.037256114853619154,0.9530433002083117,9.351598173515981,-0.025201753131113946,0.00415230980142951,0.0794969618320465,1.2585943460464477,26
0.9117266187050391,0.039160382361721466,0.9508870010667605,9.799043062200957,-0.02518523847684264,0.003862609469797462,0.07972969897091389,1.2882593750953675,27
0.9154495412844056,0.037635563609164785,0.9530851048935702,9.37299771167048,-0.024889141041785478,0.0028912186389788985,0.08012061603367329,1.2854726612567902,28
0.9208193548387122,0.03518257654482257,0.9560019313835348,8.78969957081545,-0.025134604377672076,0.0030046728439629077,0.07988585755228997,1.2953680157661438,29
0.9115576923076946,0.039362448848819794,0.9509201411565142,9.822541966426858,-0.0251479807542637,0.005782391945831478,0.07995037660002709,1.311028105020523,30
0.9165918367346965,0.03694386091927998,0.9535356976539764,9.266968325791856,-0.023450903221964838,0.0042409046203829345,0.07954896390438079,1.2575886368751525,31
0.9183215077605346,0.036250120565758735,0.9545716283262934,9.061946902654867,-0.024320282228291034,0.0037962665082886815,0.07982518821954727,1.2609040200710298,32
0.9194135667396083,0.035544854426182985,0.9549584211657912,8.943231441048034,-0.024535485194064677,0.0029671714641153813,0.07931995838880539,1.2431054651737212,33
0.9145939675174035,0.038057483714117546,0.9526514512315211,9.481481481481481,-0.025399882206693293,0.0033921738155186175,0.08009625934064388,1.2548864722251891,34
0.9198804347826114,0.03532802752340591,0.9552084623060173,8.885032537960955,-0.023565144720487298,0.003069110738579184,0.07934457510709762,1.2537719070911408,35
0.9122500000000021,0.03858634290684528,0.9508363429068475,9.729216152019003,-0.02426338829100132,0.004110425629187375,0.07912604697048664,1.2514149844646454,36
0.9211584582441141,0.03491215614494233,0.9560706143890565,8.752136752136753,-0.0242867230437696,0.0031379328458569942,0.07961274422705174,1.260092705488205,37
0.9133247058823551,0.03824704105012616,0.9515717469324813,9.615023474178404,-0.025474510435014964,0.0038858353393152354,0.07936647571623326,1.2770466566085816,38
0.9149053117782935,0.03769685426602306,0.9526021660443166,9.43778801843318,-0.02425235549453646,0.003180637152399868,0.07969497740268708,1.2573389410972595,39
0.915246543778804,0.03792910950284039,0.9531756532816444,9.416091954022988,-0.02587570812320337,0.003485861315857619,0.0803785677999258,1.2756356835365295,40
0.9162590909090929,0.03716503038790725,0.953424121297,9.287981859410431,-0.02440993771306239,0.00327661792980507,0.07984327338635921,1.2802632093429565,41
0.9149468822170933,0.037581303306182236,0.9525281855232755,9.43778801843318,-0.026354096259456127,0.004101132450159639,0.07945465408265591,1.2711272895336152,42
0.9192171052631601,0.035861177405081775,0.955078282668242,8.962800875273523,-0.025660830643028022,0.003224505262915045,0.07984712459146977,1.2766389846801758,43
0.9185022123893827,0.03609316987150477,0.9545953822608876,9.041942604856512,-0.024795258499216287,0.0028289928217418493,0.0796587448567152,1.287319540977478,44
0.9160000000000031,0.03748472605121804,0.9534847260512213,9.330296127562642,-0.025760341627756134,0.004645911464467645,0.08016455546021461,1.3075254142284394,45
0.9139112149532735,0.03811356133442028,0.9520247762876938,9.547785547785548,-0.027158380043692885,0.0030772897764109073,0.07964548729360103,1.2783276736736298,46
0.9096240786240802,0.03987449171749275,0.949498570341573,10.03921568627451,-0.025782064325176178,0.003886588232126087,0.079239971190691,1.2982004642486573,47
0.9118732057416288,0.039061447070759855,0.9509346528123886,9.77565632458234,-0.026483770087361337,0.0032715443638153376,0.07971912659704686,1.2574242174625396,48
0.9206099137931064,0.035272977119793346,0.9558828909128998,8.808602150537634,-0.025316912145353854,0.002781121782027185,0.07991254776716232,1.2640645325183868,49
